{"Batch_size":1024,"Date":"Thu Jun 20 09:36:52 2019\n","Epochs":6,"Learning_rate":0.004999999888241291,"Num_of_batches":46,"Training_loss":258.447021484375}