{"Batch_size":16,"Date":"Tue Jul  2 02:34:29 2019\n","Epochs":1,"Learning_rate":9.999999747378752e-05,"Num_of_batches":3750,"Training_loss":29.709423065185547}