{"Batch_size":32,"Date":"Thu Jun 20 12:44:41 2019\n","Epochs":1,"Learning_rate":0.00019999999494757503,"Num_of_batches":1125,"Training_loss":45.44377517700195}